<?xml version="1.0" encoding="UTF-8"?>
<project-private xmlns="http://www.netbeans.org/ns/project-private/1">
    <editor-bookmarks xmlns="http://www.netbeans.org/ns/editor-bookmarks/2" lastBookmarkId="0"/>
    <open-files xmlns="http://www.netbeans.org/ns/projectui-open-files/2">
        <group>
            <file>file:/C:/Users/KishanVenky/Documents/NetBeansProjects/Secure%20Cloud%20Storage%20with%20Data%20DynamicsUsing%20Secure%20Network%20Coding/web/ViewUpdateReq.jsp</file>
            <file>file:/C:/Users/KishanVenky/Documents/NetBeansProjects/Secure%20Cloud%20Storage%20with%20Data%20DynamicsUsing%20Secure%20Network%20Coding/web/ViewAllFiles.jsp</file>
            <file>file:/C:/Users/KishanVenky/Documents/NetBeansProjects/Secure%20Cloud%20Storage%20with%20Data%20DynamicsUsing%20Secure%20Network%20Coding/web/PerTask1.jsp</file>
            <file>file:/C:/Users/KishanVenky/Documents/NetBeansProjects/Secure%20Cloud%20Storage%20with%20Data%20DynamicsUsing%20Secure%20Network%20Coding/web/ClientRequest.jsp</file>
            <file>file:/C:/Users/KishanVenky/Documents/NetBeansProjects/Secure%20Cloud%20Storage%20with%20Data%20DynamicsUsing%20Secure%20Network%20Coding/web/CloudHome.jsp</file>
            <file>file:/C:/Users/KishanVenky/Documents/NetBeansProjects/Secure%20Cloud%20Storage%20with%20Data%20DynamicsUsing%20Secure%20Network%20Coding/web/PerTask.jsp</file>
        </group>
    </open-files>
</project-private>
